fs_method,top_k,n_past,activation,DIR_ACC,MAE,RMSE
corr,10,40,selu,1.0,8.367651679885846e-05,8.367651679885846e-05
mi,3,60,selu,1.0,0.0001259932534523056,0.0001259932534523056
mi,3,60,tanh,1.0,0.000143001344265814,0.000143001344265814
rf,10,40,relu,1.0,0.0002988781554378317,0.0002988781554378317
corr,5,40,selu,1.0,0.00030448075921607476,0.00030448075921607476
rf,3,40,selu,1.0,0.0003831475267432882,0.0003831475267432882
corr,3,20,selu,1.0,0.0003915699424468233,0.0003915699424468233
rf,5,60,relu,1.0,0.0006301049368702127,0.0006301049368702127
corr,10,20,tanh,1.0,0.0006578034015618517,0.0006578034015618517
corr,5,20,tanh,1.0,0.0010756000185139225,0.0010756000185139225
mi,3,20,selu,1.0,0.0011637656942256047,0.0011637656942256047
rf,5,40,tanh,1.0,0.0012043393442653372,0.0012043393442653372
mi,10,60,relu,1.0,0.001204398017587538,0.001204398017587538
manual,3,20,relu,1.0,0.0012289595098919914,0.0012289595098919914
rf,10,10,selu,1.0,0.0013255989404641344,0.0013255989404641344
rf,5,10,tanh,1.0,0.001334043242248173,0.001334043242248173
mi,10,10,relu,1.0,0.0013841890257098033,0.0013841890257098033
corr,10,60,selu,1.0,0.0014474810093887402,0.0014474810093887402
corr,10,60,relu,1.0,0.00153570084438992,0.00153570084438992
corr,5,40,tanh,1.0,0.0015751027742154644,0.0015751027742154644
rf,5,10,selu,1.0,0.0015898037461810066,0.0015898037461810066
mi,5,40,selu,1.0,0.0016463066211216404,0.0016463066211216404
mi,10,10,tanh,1.0,0.001719190483701949,0.001719190483701949
mi,3,40,tanh,1.0,0.00177058358604687,0.00177058358604687
corr,3,60,relu,1.0,0.0019410295870401217,0.0019410295870401217
corr,10,10,selu,1.0,0.001958743413699393,0.001958743413699393
mi,5,40,relu,1.0,0.0019640384481973694,0.0019640384481973694
mi,10,40,selu,1.0,0.0019995537812136366,0.0019995537812136366
corr,10,60,tanh,1.0,0.0020033840781323864,0.0020033840781323864
corr,5,20,selu,1.0,0.0020185003748409702,0.0020185003748409702
rf,3,60,selu,1.0,0.0020218546495087697,0.0020218546495087697
rf,10,20,tanh,1.0,0.0021461975346099837,0.0021461975346099837
mi,5,60,selu,1.0,0.0022080540300593032,0.0022080540300593032
rf,10,60,tanh,1.0,0.002210346393265228,0.002210346393265228
corr,5,60,tanh,1.0,0.002233496802371393,0.002233496802371393
rf,10,60,selu,1.0,0.00229843661582696,0.00229843661582696
rf,10,20,relu,1.0,0.0023071152907576664,0.0023071152907576664
mi,10,20,tanh,1.0,0.0023706123400260015,0.0023706123400260015
corr,5,60,selu,1.0,0.0023909284580512224,0.0023909284580512224
corr,10,20,relu,1.0,0.002395820724639508,0.002395820724639508
rf,5,20,relu,1.0,0.002409289133363801,0.002409289133363801
mi,10,20,relu,1.0,0.0024144377464907496,0.0024144377464907496
rf,3,10,tanh,1.0,0.002415389834648396,0.002415389834648396
corr,3,10,tanh,1.0,0.002435967536432271,0.002435967536432271
corr,3,40,selu,1.0,0.0024856760072069495,0.0024856760072069495
manual,3,10,selu,1.0,0.002517241432367756,0.002517241432367756
corr,3,60,tanh,1.0,0.0025598194690175102,0.0025598194690175102
corr,10,10,relu,1.0,0.0025848837256561286,0.0025848837256561286
rf,10,40,tanh,1.0,0.0033539498464889572,0.0033539498464889572
mi,10,60,selu,1.0,0.003976184619379763,0.003976184619379763
corr,3,40,relu,1.0,0.011865424202544217,0.011865424202544217
manual,3,60,relu,0.0,0.002672329480272184,0.002672329480272184
rf,5,40,selu,0.0,0.0027002330251051365,0.0027002330251051365
manual,3,60,tanh,0.0,0.002707014828781995,0.002707014828781995
corr,3,10,relu,0.0,0.0027437068936777553,0.0027437068936777553
corr,10,40,relu,0.0,0.0027670330826439216,0.0027670330826439216
mi,5,10,selu,0.0,0.0027925637339720755,0.0027925637339720755
rf,10,60,relu,0.0,0.0028137733541442334,0.0028137733541442334
mi,10,60,tanh,0.0,0.0028143958705257877,0.0028143958705257877
corr,3,60,selu,0.0,0.002832031496662113,0.002832031496662113
corr,5,10,selu,0.0,0.002891881297553356,0.002891881297553356
mi,3,60,relu,0.0,0.002893499848876546,0.002893499848876546
rf,3,20,tanh,0.0,0.0029829230268731965,0.0029829230268731965
mi,5,20,relu,0.0,0.0029996285382438703,0.0029996285382438703
rf,5,20,tanh,0.0,0.003007516229270424,0.003007516229270424
rf,10,10,relu,0.0,0.0030166270087719216,0.0030166270087719216
mi,10,40,tanh,0.0,0.003093526517484735,0.003093526517484735
mi,10,20,selu,0.0,0.0031110083444290115,0.0031110083444290115
mi,10,40,relu,0.0,0.0031117480473839,0.0031117480473839
corr,5,10,tanh,0.0,0.0031137987032778813,0.0031137987032778813
rf,3,60,tanh,0.0,0.003137630258432056,0.003137630258432056
mi,5,20,selu,0.0,0.0031839603550978257,0.0031839603550978257
corr,5,10,relu,0.0,0.0031854983761221423,0.0031854983761221423
manual,3,60,selu,0.0,0.003241598395841594,0.003241598395841594
manual,3,40,selu,0.0,0.003312338631811018,0.003312338631811018
mi,10,10,selu,0.0,0.003312660927629496,0.003312660927629496
rf,10,20,selu,0.0,0.0033214860239312305,0.0033214860239312305
rf,10,10,tanh,0.0,0.0034128280465737237,0.0034128280465737237
corr,3,20,tanh,0.0,0.003427651325917269,0.003427651325917269
rf,3,20,selu,0.0,0.0034848279545329763,0.0034848279545329763
mi,5,10,relu,0.0,0.0035104025380932047,0.0035104025380932047
manual,3,40,relu,0.0,0.0035214028546832754,0.0035214028546832754
corr,10,40,tanh,0.0,0.003548962203065331,0.003548962203065331
rf,5,20,selu,0.0,0.0036000234766178085,0.0036000234766178085
corr,3,20,relu,0.0,0.003652644715482767,0.003652644715482767
rf,5,60,selu,0.0,0.003657405170822914,0.003657405170822914
mi,5,60,tanh,0.0,0.003814961318137522,0.003814961318137522
manual,3,10,relu,0.0,0.003857995755250032,0.003857995755250032
mi,5,40,tanh,0.0,0.0038695160990827038,0.0038695160990827038
rf,10,40,selu,0.0,0.003914183726745124,0.003914183726745124
manual,3,10,tanh,0.0,0.003932331944095369,0.003932331944095369
manual,3,20,selu,0.0,0.003945544035384829,0.003945544035384829
rf,5,60,tanh,0.0,0.004068832284981783,0.004068832284981783
mi,3,40,selu,0.0,0.004092121868605192,0.004092121868605192
corr,10,20,selu,0.0,0.004280247398863013,0.004280247398863013
rf,3,10,selu,0.0,0.004310128418008263,0.004310128418008263
rf,3,40,relu,0.0,0.0044566110234953715,0.0044566110234953715
corr,3,40,tanh,0.0,0.0045487806426607325,0.0045487806426607325
mi,3,10,selu,0.0,0.0049287448862813665,0.0049287448862813665
manual,3,40,tanh,0.0,0.004987422865095015,0.004987422865095015
rf,3,20,relu,0.0,0.005025059705811019,0.005025059705811019
mi,3,10,tanh,0.0,0.005031160334336038,0.005031160334336038
mi,3,10,relu,0.0,0.005043046804355855,0.005043046804355855
manual,3,20,tanh,0.0,0.005196435865225668,0.005196435865225668
rf,3,10,relu,0.0,0.005252499155911083,0.005252499155911083
mi,3,20,tanh,0.0,0.00527195122486579,0.00527195122486579
corr,10,10,tanh,0.0,0.005322096891912098,0.005322096891912098
mi,5,10,tanh,0.0,0.005411717830436702,0.005411717830436702
rf,3,40,tanh,0.0,0.005680800438138123,0.005680800438138123
mi,3,20,relu,0.0,0.005681986710267539,0.005681986710267539
mi,5,20,tanh,0.0,0.005729744931893821,0.005729744931893821
corr,5,20,relu,0.0,0.0059506297337137415,0.0059506297337137415
mi,3,40,relu,0.0,0.006255715875165935,0.006255715875165935
corr,5,40,relu,0.0,0.0063616833875201895,0.0063616833875201895
rf,5,10,relu,0.0,0.007012209644752021,0.007012209644752021
corr,5,60,relu,0.0,0.0077145879848175,0.0077145879848175
rf,5,40,relu,0.0,0.007832156283991809,0.007832156283991809
mi,5,60,relu,0.0,0.009761924645143027,0.009761924645143027
corr,3,10,selu,0.0,0.009862179657655235,0.009862179657655235
rf,3,60,relu,0.0,0.011037101758854861,0.011037101758854861
